Gamma_D2_abs_err,Gamma_D2_rec,Gamma_D2_rel_err,Gamma_D2_true,Ptot_W_abs_err,Ptot_W_rec,Ptot_W_rel_err,Ptot_W_true,Qe_cycle_mae_phys,Qe_cycle_rmse_phys,Qi_cycle_mae_phys,Qi_cycle_rmse_phys,Sm_cycle_mae_phys,Sm_cycle_rmse_phys,Sp_cycle_log_mae,Sp_cycle_log_rmse,Sp_cycle_mae_phys,Sp_cycle_rmse_phys,Te_cycle_log_mae,Te_cycle_log_rmse,Te_cycle_mae_phys,Te_cycle_rmse_phys,Ti_cycle_log_mae,Ti_cycle_log_rmse,Ti_cycle_mae_phys,Ti_cycle_rmse_phys,best_restart_fit,cycle_log_mae,cycle_log_rmse,cycle_mae_norm,cycle_mae_phys,cycle_rmse_phys,dna_abs_err,dna_rec,dna_rel_err,dna_true,global_idx,hci_abs_err,hci_rec,hci_rel_err,hci_true,inv_fit_mse_norm,inverse_fields,n_core_abs_err,n_core_rec,n_core_rel_err,n_core_true,ne_cycle_log_mae,ne_cycle_log_rmse,ne_cycle_mae_phys,ne_cycle_rmse_phys,param_mae_abs_mean,param_mre_mean,ua_cycle_mae_phys,ua_cycle_rmse_phys
1.1265619359878475e+21,5.851073821129981e+21,0.23845043778419495,4.724511885142134e+21,629634.0,12949522.0,0.04636768251657486,13579156.0,201.8883463530337,1972.0249633432984,236.5816630354521,687.0134973751524,0.03826151809594637,0.24883863141832593,1.7030461020391001,6.148661923183753,5.381076176741429e+19,3.8706633362744214e+20,0.016240844072798195,0.0251798887630688,7.771357073806323,23.075286659000323,0.02217462726830309,0.028220335698202394,11.546108103498334,20.852398939422557,0.13668730854988098,1.1173081917730137,3.795572298572634,0.14620400965213776,6.923895932927993e+18,1.368619798549163e+20,0.11746156215667725,1.1161943674087524,0.09521420300006866,1.2336559295654297,102,0.02876812219619751,0.7753431797027588,0.0357762947678566,0.8041113018989563,0.13668730854988098,"Te,Ti,ne,ua,Sp,Qe,Qi,Sm",9.267236393537923e+19,5.772797389325352e+20,0.13832685351371765,6.699521028679145e+20,0.01471730807862715,0.021231763152367716,1.580405696009644e+18,5.409769927620798e+18,2.4384687405839417e+20,0.11082710325717926,545.5806528622672,825.414718175416
1.1978927616359085e+20,1.0692107057956095e+21,0.10074792057275772,1.1889999819592004e+21,3309892.0,11432108.0,0.2245212346315384,14742000.0,54.02323600648172,381.98678829132047,135.90552404324356,329.08538255996257,0.014801719355888112,0.07183283137678982,2.364379728725042,7.001466653406744,2.538056514292847e+19,2.4375064601118786e+20,0.022726804334102457,0.031336503637544755,7.118864050097361,16.673114591230977,0.030000016130141298,0.04030070589500518,9.45481416687877,17.096683758298653,0.06739751249551773,1.1545884510800177,3.8977562273896993,0.10700569301843643,3.36483947442781e+18,8.619463591561108e+19,0.22256974875926971,0.3765697479248047,1.4452581405639648,0.15399999916553497,167,0.08000051975250244,1.0239994525909424,0.0724642425775528,1.1039999723434448,0.06739751249551773,"Te,Ti,ne,ua,Sp,Qe,Qi,Sm",1.8290972303160666e+20,3.1389026834735274e+20,0.36817577481269836,4.967999913789594e+20,0.02653616112584774,0.036158442371012726,1.5381506524940047e+18,4.663116353532647e+18,6.05398007186488e+19,0.44223347306251526,584.3037942289528,932.448221392396
3.478889974655353e+18,1.3298544231673517e+21,0.002609167480841279,1.333333313142007e+21,1496978.0,16096978.0,0.10253273695707321,14600000.0,212.39862184860075,1826.086498470614,222.63944510580853,701.2609337356329,0.022696299080266148,0.16861054030752917,2.2260034748061166,6.724797190652103,4.863766400987984e+19,4.424340709867699e+20,0.03730055955136728,0.0595152526657666,23.514844421537685,54.59764492340486,0.044863500386874415,0.05342867485312279,46.96553089578407,85.42033298367151,0.09858096390962601,1.204459031296013,3.9549888398665334,0.14798367023468018,6.446322353005192e+18,1.5654683901292397e+20,0.04258853197097778,0.34258854389190674,0.14196176826953888,0.30000001192092896,303,0.17342472076416016,1.1734247207641602,0.17342472076416016,1.0,0.09858096390962601,"Te,Ti,ne,ua,Sp,Qe,Qi,Sm",1.542168851853502e+20,4.578311442477875e+19,0.7710844278335571,2.0000000400817547e+20,0.03579800516813461,0.05678945658545156,2.932914814161697e+18,1.7532691452837941e+19,3.153915459219646e+19,0.23832257091999054,1535.3393705270894,2317.6528424322564
3.486935233177185e+20,1.0543065354100361e+21,0.2485342174768448,1.4030000587277546e+21,2773008.0,9155008.0,0.43450453877449036,6382000.0,60.073187635018805,449.46781902310835,142.23380982879002,347.2456827027507,0.015315084863052055,0.07447082143212966,2.2314179052875063,6.796480509915884,2.695494147270954e+19,2.5208298493518515e+20,0.03867231856149793,0.05184737779823733,26.607814716120004,57.60220907997299,0.047246857219275996,0.05482936440260432,37.413491148461404,63.128876158832085,0.0676155537366867,1.2089961934958287,3.9765861052790026,0.114042729139328,3.522734293765297e+18,8.914047289282354e+19,0.09503409266471863,0.3369659185409546,0.21998631954193115,0.4320000112056732,313,0.3791537284851074,1.1978462934494019,0.24042721092700958,1.5770000219345093,0.0676155537366867,"Te,Ti,ne,ua,Sp,Qe,Qi,Sm",2.1349498751503303e+19,1.572494965844308e+20,0.15709711611270905,1.3589999783292751e+20,0.0252499098248892,0.035357572040615355,1.226932877412837e+18,4.728632637124317e+18,7.400860265462576e+19,0.26010990142822266,671.1525275649989,990.8154597613263
5.6510914796765944e+20,3.381713272220789e+21,0.14318078756332397,3.9468224201884487e+21,109739.0,11163865.0,0.009734154678881168,11273604.0,105.12943845575458,784.9525682185983,209.42548935073606,634.8412062908003,0.031838364658017405,0.22118359391882475,1.318255724143376,5.260896553375071,3.691360199112045e+19,2.7021229282062175e+20,0.01621304666617715,0.024314973421558996,5.775152524978096,15.09169837894977,0.0177622549937329,0.02646641124262146,8.635139748813108,19.18642651216249,0.11716017127037048,1.0270769328937972,3.5661771173931656,0.12903167307376862,4.805741677212291e+18,9.555177201660627e+19,0.15568238496780396,0.9882373213768005,0.1360955536365509,1.1439197063446045,36,0.018530070781707764,0.6256271004676819,0.02876638062298298,0.6441571712493896,0.11716017127037048,"Te,Ti,ne,ua,Sp,Qe,Qi,Sm",2.9662733765694403e+20,5.112350133471003e+20,1.3821842670440674,2.1460765809797025e+20,0.014761226446707562,0.022232031436899294,1.5323314265778785e+18,5.14255702258916e+18,1.723473041617951e+20,0.3399922251701355,562.033629364995,862.2225158219445
1.0869268815672666e+20,3.159605590223061e+21,0.035626284778118134,3.0509129020663346e+21,305609.0,11365358.0,0.026185404509305954,11670967.0,84.81914919367708,549.6194997626342,318.21661570617374,851.8868590773833,0.0313688781013593,0.17006139284148122,2.3947073595464867,7.199108344552428,4.752185917586003e+19,3.8231096004042555e+20,0.026555121787517542,0.03774323494725512,26.79990695718582,62.64455004429216,0.02910252161075468,0.03936397916458567,18.49944834288584,41.26192864775072,0.14874404668807983,1.1794282374399552,3.9913542764929293,0.1576373279094696,6.263002275316169e+18,1.3519048133726886e+20,0.1938878297805786,1.4657204151153564,0.11682746559381485,1.659608244895935,22,0.01860402524471283,0.2094576358795166,0.08157454431056976,0.22806166112422943,0.14874404668807983,"Te,Ti,ne,ua,Sp,Qe,Qi,Sm",2.6377875047797332e+20,6.920850432366268e+20,0.6158647537231445,4.2830629275865344e+20,0.023197037778260807,0.02833328023581834,2.582159026669321e+18,7.075294099020982e+18,7.449428772694e+19,0.1752156913280487,762.2990615251024,1327.0181483076299
3.3335257413703434e+20,1.3771142124945592e+21,0.319376140832901,1.0437616383575248e+21,273077.0,6534353.0,0.04011455178260803,6807430.0,74.00493801900215,426.14401538550453,125.06760555973575,409.86379048450755,0.021992212478509368,0.12572865248393433,1.763160743810201,6.003142421272666,3.181113844113924e+19,2.0109970407345593e+20,0.022204161632170427,0.028878089562722347,8.124890445771557,19.06518542579724,0.027049370353756635,0.03455803289015721,13.472628350239386,26.728683750661308,0.09389251470565796,1.1126083105595335,3.772660209995198,0.1238173171877861,4.2274643384275456e+18,7.114354574268064e+19,0.23055541515350342,0.9560440182685852,0.3177933096885681,0.7254886031150818,314,0.24709272384643555,1.498028039932251,0.19752638041973114,1.2509353160858154,0.09389251470565796,"Te,Ti,ne,ua,Sp,Qe,Qi,Sm",3.961155126002555e+19,7.520862195971072e+20,0.05559713765978813,7.124746683370816e+20,0.02246408018169009,0.030418609729930136,2.0085762662811233e+18,7.08108948507187e+18,7.459282156097477e+19,0.18608149886131287,962.0353359869067,1275.6610044477184
4.405438043992422e+20,2.484493488082087e+21,0.21553553640842438,2.0439496836828449e+21,150502.0,5195281.0,0.02815340645611286,5345783.0,92.4756722393291,589.7635563224784,96.31376432698997,334.98094522750085,0.027201201120779214,0.17555046818937356,2.442956421277053,7.2803689967533,3.5041172030198243e+19,2.1138587229238932e+20,0.016989582387452646,0.02475907594187665,3.36773312010946,6.862916985814338,0.027071268020668386,0.032505306329472385,7.564081834842214,12.381295780792053,0.1035986989736557,1.1244785522078877,3.9143103281803047,0.1153964176774025,4.63527394366651e+18,7.478272864931809e+19,0.009864091873168945,1.029076099395752,0.009494379162788391,1.038940191268921,14,0.019478321075439453,1.2058123350143433,0.01641891896724701,1.1863340139389038,0.1035986989736557,"Te,Ti,ne,ua,Sp,Qe,Qi,Sm",2.0326243972574033e+20,4.9426471107935443e+20,0.2914043366909027,6.975271508050948e+20,0.014844619339949405,0.020200955505782586,2.041019519133832e+18,7.460900018497372e+18,1.287612470657779e+20,0.11220131814479828,444.38090327004915,715.0490401802423
2.784448985863658e+20,2.0548150399963413e+21,0.1193372830748558,2.333259938582707e+21,192221.0,11560754.0,0.016908161342144012,11368533.0,90.89418000433369,663.6995626802458,181.6561191163901,551.3715316341022,0.030030418232026915,0.186604758414032,1.534328020933201,5.625167554742711,3.4452333465654632e+19,2.59197911161973e+20,0.016812558663868857,0.02538576519274099,4.301880852448514,10.606850213610713,0.016062759727479288,0.024548715690114017,5.976737238997008,12.706384815786718,0.10418450832366943,1.056192590594511,3.6432841676882743,0.12259060889482498,4.4274197312912983e+18,9.165006313594916e+19,0.0881650447845459,1.7327754497528076,0.05360846966505051,1.6446104049682617,396,0.003839254379272461,1.2129420042037964,0.003155254293233156,1.2167812585830688,0.10418450832366943,"Te,Ti,ne,ua,Sp,Qe,Qi,Sm",1.4894607273239668e+20,4.509979609561364e+20,0.4931142032146454,3.020518882237397e+20,0.009908159240605332,0.01485179497397089,9.670243846757559e+17,3.783573952978696e+18,8.54781977821897e+19,0.13722467422485352,505.94280406333377,759.6842819580311
1.326310090260611e+20,3.34332655932192e+21,0.03815668076276779,3.475957568347981e+21,322309.0,11284061.0,0.02940305508673191,10961752.0,87.79992081934647,594.8621537116213,185.70787666238445,734.0271642501932,0.036423687268573056,0.2736906277942069,2.324184423163887,7.00406401035174,3.459593665079676e+19,2.478602982353069e+20,0.01587946954839999,0.021858866886424598,6.199553461161983,15.3117533798967,0.013464230309038953,0.018955714847654265,7.4325970453226935,17.2048197858454,0.10818231850862503,1.2416984234184916,4.0460676387461225,0.11712821573019028,4.4758269534874665e+18,8.765005730633313e+19,0.0180208683013916,0.39566320180892944,0.0435619093477726,0.41368407011032104,272,0.01809251308441162,1.3453266620635986,0.013269956223666668,1.3634191751480103,0.10818231850862503,"Te,Ti,ne,ua,Sp,Qe,Qi,Sm",1.1715393150976524e+19,2.0075178848659754e+20,0.055139776319265366,2.1246718163757407e+20,0.016027318099196327,0.023273764397577165,1.2106789771029668e+18,5.053011491435701e+18,2.8869280875212177e+19,0.03590627759695053,514.3313125156359,760.2930685161266
3.8452521748424085e+20,5.355879398202552e+21,0.07734818756580353,4.971354180718311e+21,220930.0,4781634.5,0.04844207689166069,4560704.5,97.43349038901941,494.956130206612,146.33975700784893,581.979435839952,0.04360510381398368,0.24585398759630725,3.5257731311975298,8.812287900437141,4.626794500139856e+19,2.54299816556987e+20,0.030933473312161428,0.04075604317629683,8.14689275808065,20.370438785108565,0.04048978025183392,0.051153041052545825,8.311281504409196,18.62684987944442,0.1538773775100708,1.2955534776525095,4.342922880276005,0.1522829383611679,6.225847774476961e+18,8.99665952545108e+19,0.25905048847198486,1.3254013061523438,0.16349534690380096,1.5844517946243286,113,0.06457698345184326,0.5462291836738586,0.10572418570518494,0.6108061671257019,0.1538773775100708,"Te,Ti,ne,ua,Sp,Qe,Qi,Sm",1.2646853662344636e+20,5.895769584525587e+20,0.2730862498283386,4.6310842182911237e+20,0.024549550119051956,0.031329181843530875,3.538837194417122e+18,9.138347366700963e+18,1.0219875258075605e+20,0.13361921906471252,684.7789706332272,1051.1239574543797
1.7632828216303252e+21,6.199622032990973e+21,0.39746347069740295,4.436339211360648e+21,111202.5,6562980.5,0.016661589965224266,6674183.0,166.40704232450102,1278.2440144184507,164.497144520792,535.8596956085787,0.055937531508738224,0.35513666184464215,3.777451382012895,9.366517627539437,6.930621824047107e+19,4.715347348467051e+20,0.03201914955686507,0.04087427325770812,14.730055426633513,35.04065107497563,0.04595806054443186,0.053835116685036,21.97673273056836,42.803817502371366,0.19246873259544373,1.4207668713243542,4.6133280058860775,0.1702950894832611,9.40120606459505e+18,1.668791329130444e+20,0.015352129936218262,1.0522578954696655,0.014379904605448246,1.0676100254058838,17,0.0033085644245147705,0.480871319770813,0.006833337247371674,0.48417988419532776,0.19246873259544373,"Te,Ti,ne,ua,Sp,Qe,Qi,Sm",3.8645613582447595e+20,6.079248696250707e+20,1.744969129562378,2.2146875139278085e+20,0.0292251506209707,0.040788841995645496,5.903430276289323e+18,2.1074957829703578e+19,4.299477844540858e+20,0.43606147170066833,687.0322649564415,1034.108562797227
6.844245610079579e+20,2.0249183160825073e+21,0.5105764865875244,1.3404937550745494e+21,221759.0,3430781.5,0.06910484284162521,3209022.5,93.34098908747907,489.67507941920695,84.08426023980722,246.33809587313883,0.02431890939334625,0.1308404341830179,3.915280384149689,9.480803193772006,4.003458632424251e+19,3.115799025599321e+20,0.0399107622784013,0.05127319906273674,17.735970763181655,42.397919026671865,0.04247434194479841,0.053116209117025026,13.925941847064626,30.743373011118432,0.11675211787223816,1.3550882411642882,4.524397474970257,0.13738644123077393,5.367234175627678e+18,1.1020328912371316e+20,0.04137676954269409,0.44579190015792847,0.1023126170039177,0.4044151306152344,139,0.09721451997756958,0.41029906272888184,0.1915505826473236,0.5075135827064514,0.11675211787223816,"Te,Ti,ne,ua,Sp,Qe,Qi,Sm",1.9062048372799046e+20,9.071401585866367e+20,0.26603662967681885,7.165196748586463e+20,0.03141391803017397,0.04069174508356628,2.903287080778897e+18,8.722602261994471e+18,1.7500900191031525e+20,0.22791624069213867,718.112045972029,1065.861335665099
9.212577471497922e+19,1.7568414075257902e+21,0.055340249091386795,1.664715632810811e+21,352700.0,11167944.0,0.03261137753725052,10815244.0,117.8961891511399,870.5401401318622,161.5710627092479,498.46867926828804,0.02647308171298506,0.16832986861307023,0.710041599917357,3.5738528215110863,3.1487271394931032e+19,2.4150542671676565e+20,0.016934599258409816,0.025246890511025973,3.240587237022551,7.651457063350968,0.01369100240775395,0.020342917251133283,4.7077035597901835,8.351477893107838,0.09134363383054733,0.9629328792029217,3.3190176795835717,0.11752340197563171,4.077276863829857e+18,8.540231035332652e+19,0.0222395658493042,1.1514017581939697,0.018949201330542564,1.173641324043274,163,0.22921180725097656,2.0749001502990723,0.12418770790100098,1.8456883430480957,0.09134363383054733,"Te,Ti,ne,ua,Sp,Qe,Qi,Sm",1.1474557883247074e+20,1.99320153978489e+20,0.3653552830219269,3.1406573281095975e+20,0.01497490948078285,0.0221485498438551,1.130943515707818e+18,4.85445937671356e+18,4.137427070948999e+19,0.11928876489400864,610.9789021903377,905.5049439383354
6.543420636094949e+19,3.4929364204181447e+21,0.019090929999947548,3.427502214057195e+21,156260.5,5773302.0,0.026352787390351295,5929562.5,86.55614430365685,510.8333146805134,126.25161692957535,439.5086378815429,0.0315640843503688,0.18024415000196442,2.444226872677648,7.435844352911575,4.177878628589398e+19,2.979352798251757e+20,0.019442418449041998,0.028488285458404428,5.224215554088412,10.901705216761673,0.036480046669607226,0.04370492024489982,12.247710545978794,20.29468298998962,0.13750706613063812,1.1674332745648284,4.022137592266124,0.13005858659744263,5.478469164247933e+18,1.0537724602761993e+20,0.04949390888214111,0.7264400124549866,0.06378623843193054,0.7759339213371277,300,0.002122342586517334,0.7031019330024719,0.003027681028470397,0.7009795904159546,0.13750706613063812,"Te,Ti,ne,ua,Sp,Qe,Qi,Sm",1.682136682069387e+20,3.791918648098994e+20,0.3072926104068756,5.474055330168381e+20,0.01376454657371127,0.020253949786111173,2.0489670280894802e+18,8.335519085130764e+18,4.672957403396833e+19,0.08391004800796509,516.163317653734,846.0092774299209
3.1409412659923544e+20,7.049058765820763e+20,0.30823761224746704,1.0190000031813117e+21,3147059.0,6629059.0,0.9038078784942627,3482000.0,125.61325888174295,1091.216302245983,171.61569407331146,477.2750170506422,0.019938473209264687,0.12535728784476857,2.2798212470839574,6.885942404337661,4.4352087644434825e+19,3.769496046764957e+20,0.07336731837250138,0.09706182585223588,47.97851973417161,106.31311989369763,0.08194557086030384,0.09471190962338491,59.93644157082577,104.00690576999834,0.08883773535490036,1.1408471109482343,3.8344394428119806,0.1638018935918808,6.392083209134583e+18,1.3347855099046488e+20,0.7737548351287842,1.0142451524734497,0.43274879455566406,1.7879999876022339,309,0.48746025562286377,1.341539740562439,0.26651737093925476,1.8289999961853027,0.08883773535490036,"Te,Ti,ne,ua,Sp,Qe,Qi,Sm",1.182740259952132e+19,3.4992740406250177e+20,0.03498196601867676,3.3810000146298044e+20,0.14644936852386892,0.2008722993985965,6.784578028641831e+18,2.1004383598351258e+19,6.518430496014205e+19,0.3892587125301361,804.7072539075165,1190.932797472475
4.5977466738932344e+20,1.5351155463339702e+21,0.42756178975105286,1.0753408789446467e+21,132008.5,7527446.0,0.017849991098046303,7395437.5,109.1928343868025,714.4910460883611,115.45483831991449,355.7485127966934,0.02199190834564682,0.11283827904038704,1.2129902512596975,5.021203827559178,3.181542652351209e+19,2.158068256031143e+20,0.01632496371689641,0.02392540060628043,3.281236453982015,8.475209379643331,0.020026389429751504,0.028311226307270156,4.033492000899926,6.83688256990109,0.08634579926729202,1.0929019548389625,3.657888266684945,0.11842023581266403,4.2636164477593615e+18,7.634048137064597e+19,0.2638465166091919,1.2864515781402588,0.25801408290863037,1.022605061531067,428,0.20761215686798096,2.1149842739105225,0.1088472232222557,1.9073721170425415,0.08634579926729202,"Te,Ti,ne,ua,Sp,Qe,Qi,Sm",4.132960414912322e+19,6.322956767961211e+20,0.06135399639606476,6.736252809452443e+20,0.022216569163355085,0.03138463790000107,2.2935050585628093e+18,7.096956412615988e+18,1.0022085430768933e+20,0.17472541332244873,585.9070651441755,812.4601019344158
4.260157549512984e+20,3.333523911782995e+21,0.11331593245267868,3.759539666734293e+21,41331.0,8763245.0,0.0047387536615133286,8721914.0,107.99074456160932,785.8475727781199,162.1496843420565,559.0516593866652,0.037327224699790766,0.2421425216656508,1.6136963104617146,5.956256836315979,3.4521850539828527e+19,2.5512872102278018e+20,0.015434499724579111,0.023179245169336223,7.577510663080466,19.10825106655567,0.019677206747027075,0.027781018915638916,7.498948958731529,16.4733587555142,0.1276165097951889,1.0320712296283534,3.6462073995650366,0.12774193286895752,4.5686780635423104e+18,9.022891039319509e+19,0.0911797285079956,0.946244478225708,0.08789049834012985,1.0374242067337036,333,0.06461483240127563,0.6850706338882446,0.08618925511837006,0.7496854662895203,0.1276165097951889,"Te,Ti,ne,ua,Sp,Qe,Qi,Sm",1.876348258734624e+20,4.250052597849071e+20,0.7904726266860962,2.3737043391144473e+20,0.014882204514286002,0.020335933126047326,2.0275739685099584e+18,6.275816697944984e+18,1.2273010912807774e+20,0.21652141213417053,619.236836664096,858.8432402326149
1.6190440660396933e+20,1.809698326764889e+21,0.09825525432825089,1.6477939201609197e+21,683971.0,11213034.0,0.0649602934718132,10529063.0,179.5348919571499,2137.0176702208323,225.87551547196418,548.0905811038117,0.023311467046296764,0.151695796529866,1.438579472278756,5.432563808732644,3.24090333393095e+19,3.056917442218895e+20,0.03240971487364658,0.04350898714069363,40.06487792842575,89.19154094194631,0.030416885233728548,0.03796834987838315,34.27216472780233,70.26152896986089,0.10626377165317535,1.0062284896198388,3.529678982822848,0.13723595440387726,4.3163279367921004e+18,1.0809849234598391e+20,0.1281854510307312,1.0982255935668945,0.1321444809436798,0.9700401425361633,466,0.04791003465652466,0.41203629970550537,0.10416439920663834,0.45994633436203003,0.10626377165317535,"Te,Ti,ne,ua,Sp,Qe,Qi,Sm",4.717891804796132e+19,2.3641762352309312e+20,0.1663592904806137,2.8359654157105444e+20,0.02366424603730894,0.03137172578021044,2.1215901550272983e+18,5.90168572332108e+18,4.181666580999543e+19,0.11317674070596695,761.1606762054653,1153.0279598863806
8.813910388233785e+19,3.3524111641952565e+21,0.02561773546040058,3.4405502680775944e+21,79207.5,4374457.5,0.018440719693899155,4295250.0,104.3038113431175,718.167871503334,151.12856362656237,495.6533282417191,0.037482442457542876,0.19290190868992513,3.6010296651675953,8.864656024030644,4.365073125511296e+19,2.7188537301994373e+20,0.0344328079485421,0.043983987061938644,13.800663263736356,33.43388291333421,0.04492322347216559,0.05682663129268684,11.678058714425587,25.30306901379018,0.1565232127904892,1.297906226089096,4.347404830559341,0.16051353514194489,5.850988232522328e+18,9.616195688930848e+19,0.10033237934112549,1.4358810186386108,0.0653114840388298,1.5362133979797363,175,0.07525643706321716,0.21426057815551758,0.2599378824234009,0.28951701521873474,0.1565232127904892,"Te,Ti,ne,ua,Sp,Qe,Qi,Sm",3.443326315035403e+20,7.125683995043263e+20,0.9350873827934265,3.6823576800078594e+20,0.02307418635581238,0.031763243803263334,3.157174605065663e+18,7.437712017538508e+18,8.649434883639424e+19,0.2608790397644043,807.6610097011695,1244.3669110948258
4.199359658230924e+20,1.090063990551451e+21,0.2781032919883728,1.5099999563745434e+21,1890440.0,11015560.0,0.146477609872818,12906000.0,56.79399450122375,388.38309841224554,137.97087061812735,315.9573828909455,0.014361176212450324,0.07079483731942827,2.491177491538233,7.259485380215662,2.320496817518594e+19,2.0816557363018147e+20,0.03763996019401488,0.04956608496316749,14.242748653177276,30.992315964153505,0.04601388224828528,0.06034664863473614,14.631113163489314,24.16125206809048,0.07063526660203934,1.1870408027026058,3.9796952694974,0.11803160607814789,3.180033216864644e+18,7.363673334397546e+19,0.387786328792572,0.4672136902809143,0.4535512626171112,0.8550000190734863,190,0.4298337697982788,1.431166172027588,0.23096925020217896,1.8609999418258667,0.07063526660203934,"Te,Ti,ne,ua,Sp,Qe,Qi,Sm",8.765341881002361e+18,3.4436535296958294e+20,0.02611842006444931,3.356000110885806e+20,0.04206569582328609,0.05399828983921877,2.235297559731208e+18,6.785420826410218e+18,8.574025978160035e+19,0.22704395651817322,642.0204844428121,899.5765756094786
4.068467460873493e+20,3.133819667606598e+21,0.14919354021549225,2.726972921519249e+21,110274.5,7469447.0,0.014984632842242718,7359172.5,132.54774229440753,836.2689191876846,137.72551460235005,695.5863930305964,0.03877702239528469,0.2818162050319634,1.8361121074168847,6.398637874070728,3.1825812794076713e+19,2.021237556696216e+20,0.013748971999019633,0.019589325788496963,2.8445448647968923,7.404849956941566,0.01854430081978174,0.024683267807141876,4.243791123797972,6.903662620351271,0.11346543580293655,1.2322503099037498,4.000790863991819,0.115121990442276,4.215913976471491e+18,7.148673828443953e+19,0.032921552658081055,0.6841148138046265,0.04591336473822594,0.7170363664627075,279,0.04471015930175781,1.8812105655670166,0.023214953020215034,1.9259207248687744,0.11346543580293655,"Te,Ti,ne,ua,Sp,Qe,Qi,Sm",3.6347102996377213e+20,3.836497599379265e+20,0.4864956736564636,7.471207899016987e+20,0.016855206348662367,0.023901497638565968,1.9014990176952046e+18,5.368183900606148e+18,1.5406355169178708e+20,0.14396043121814728,420.29994781721797,666.2885965532943
9.650207728413232e+19,1.1625020683891476e+21,0.09052728116512299,1.0659999911050153e+21,788187.0,9519813.0,0.07646361738443375,10308000.0,117.78074740724372,1102.2744039630802,150.6119253716052,401.3969526857424,0.019790052689814874,0.10905314988867376,2.3906115146067903,7.095718311410514,3.0618256383927575e+19,2.4986189477718547e+20,0.03412550592592683,0.04500465206442672,20.742172643422617,45.0046230850451,0.0391200913834777,0.04698882513093182,26.73269854480624,46.987330556604306,0.08324319124221802,1.1891283501306271,3.984738770891971,0.11996687203645706,4.159841596893481e+18,8.843452747582025e+19,0.5484650135040283,0.3875349760055542,0.5859668850898743,0.9359999895095825,290,0.5295456647872925,1.2334543466567993,0.30036622285842896,1.7630000114440918,0.08324319124221802,"Te,Ti,ne,ua,Sp,Qe,Qi,Sm",2.6862414868800078e+19,1.6946241434892947e+20,0.18837597966194153,1.4259999948012939e+20,0.03367436872811311,0.04167502280434178,2.6604763912202767e+18,1.1591321638516773e+19,2.467289799078183e+19,0.24833998084068298,555.3317991351898,856.7170857478596
1.5813019308374916e+21,4.426160513252837e+21,0.5558455586433411,2.8448585824153455e+21,136904.0,9067156.0,0.014874305576086044,9204060.0,152.98002643575487,926.9147749727072,151.03947567961958,507.83666316614233,0.03644695166052775,0.2126054160299082,2.7359540163330367,8.016110208657398,5.547609103745044e+19,3.054819946930375e+20,0.017838543429105,0.024443087807230666,4.2441580085271084,9.325789032496377,0.030391829815145148,0.03820987176839129,8.929662226541192,14.482253161819287,0.12154920399188995,1.2809822367859125,4.240573006100793,0.13605602085590363,7.264283821355599e+18,1.0803496460438882e+20,0.07795298099517822,1.8063132762908936,0.04137047007679939,1.8842662572860718,97,0.07676959037780762,1.866302490234375,0.03950938954949379,1.9430720806121826,0.12154920399188995,"Te,Ti,ne,ua,Sp,Qe,Qi,Sm",2.984153370777543e+20,2.3873919394663052e+20,0.555548369884491,5.371545310243848e+20,0.024617655161918228,0.029677047618437896,2.6381795333943496e+18,7.292429974661683e+18,3.759434324724259e+20,0.24142961204051971,458.5313044205758,695.4962384781121
1.97937679075063e+21,6.623607227460281e+21,0.4262012541294098,4.6442304367096507e+21,390816.0,9053985.0,0.04137895628809929,9444801.0,131.20360243259012,795.6820055806147,169.12482291198165,589.031033990671,0.04196986740843046,0.25346692084281974,2.6914181502653154,7.84740784889274,6.520525905275999e+19,4.254349605164425e+20,0.02130671492951573,0.029289340157712854,7.728776490414318,18.025086349120368,0.028978194227401773,0.03572542226498364,12.133697078717248,22.400995885728594,0.14839383959770203,1.323190775735377,4.295151550954566,0.14494483172893524,8.544609564694961e+18,1.50468217109587e+20,0.038562774658203125,1.4138442277908325,0.02655094303190708,1.4524070024490356,420,0.02438819408416748,1.2452553510665894,0.019976124167442322,1.2208671569824219,0.14839383959770203,"Te,Ti,ne,ua,Sp,Qe,Qi,Sm",2.50956404204524e+20,3.220743644014476e+20,0.43794578313827515,5.730307686059716e+20,0.01786804849020153,0.025125811203994538,3.1516174647996897e+18,1.1426690311526556e+19,4.4606662491728196e+20,0.19041061401367188,490.58518482603154,720.9212317773125
3.042512281386405e+20,1.437856230993742e+21,0.2683926224708557,1.1336050028551015e+21,361702.0,13605333.0,0.02731139212846756,13243631.0,82.37418386383396,591.262067313699,192.40825504172858,590.5204291959917,0.02446429497315627,0.17655881362109016,1.5986876591436787,5.681332078895639,2.8447622025391268e+19,2.2524367114452877e+20,0.01935402574298123,0.030924043793710037,7.150454871527741,16.926119086145988,0.018804906850122958,0.027559423055902973,8.258903534317968,15.361250455190877,0.09881234169006348,1.1668750826278131,3.8395740163786893,0.122721828520298,3.7795604722366797e+18,7.971218981497047e+19,0.28832948207855225,0.987562894821167,0.4123508334159851,0.6992334127426147,449,0.06492328643798828,1.0172514915466309,0.05999334529042244,1.0821747779846191,0.09881234169006348,"Te,Ti,ne,ua,Sp,Qe,Qi,Sm",5.251865668583686e+19,6.276444435434659e+20,0.0772147998213768,6.801631002293027e+20,0.018463178069423887,0.028609304201731654,1.788861752502168e+18,9.876955508577421e+18,7.135397696489547e+19,0.1690525859594345,706.241078152613,992.7199638291243
1.3926911784432152e+21,5.079179925946769e+21,0.37778255343437195,3.6864887475035533e+21,88920.5,7394429.0,0.012171706184744835,7305508.5,131.14002174244536,779.9837063077666,124.89121176543878,431.7862766710494,0.03429119887381706,0.219157470622425,2.691888333705625,7.78485870222139,4.617673426719692e+19,2.77363734773602e+20,0.01945965638792141,0.026775981819378302,6.526237467077425,14.741372814431887,0.031038503384735867,0.03743578651061862,11.949787208757318,20.303140916365386,0.11793885380029678,1.2125561499863062,4.105712448072639,0.12863397598266602,6.106332499512307e+18,9.811175501868776e+19,0.04766130447387695,1.0794142484664917,0.04228758439421654,1.1270755529403687,35,0.0353161096572876,1.3727898597717285,0.026405086740851402,1.337473750114441,0.11793885380029678,"Te,Ti,ne,ua,Sp,Qe,Qi,Sm",3.1200033980060113e+20,8.096310166123918e+19,0.7939678430557251,3.9296345025793334e+20,0.020850832844572058,0.027219616510304644,2.6739257289015306e+18,8.757306390380072e+18,3.409383247593865e+20,0.2505229413509369,477.024900777952,758.2615235163463
6.961242091524247e+19,4.6354675577346945e+21,0.015246305614709854,4.565855136819452e+21,916310.0,12193528.0,0.06989483535289764,13109838.0,202.2600439135839,1452.2673757464731,226.05240146224563,933.2042634581614,0.04918446675304712,0.3459550282045773,1.8071153743196833,6.184170761116612,6.266560728339776e+19,4.2093516481375365e+20,0.019361828990876722,0.027205974994225206,4.481516014816556,10.240426471260818,0.02248975710017809,0.030299805177818235,7.84758112586393,12.927560916704405,0.1321215033531189,1.2887012805278633,4.05179370414592,0.1444396674633026,8.059202167489554e+18,1.488339254194856e+20,0.1244802474975586,1.7670292854309082,0.06581000238656998,1.8915095329284668,286,0.10523784160614014,1.8671931028366089,0.05335438624024391,1.972430944442749,0.1321215033531189,"Te,Ti,ne,ua,Sp,Qe,Qi,Sm",4.846930137588202e+20,2.202408168068806e+20,0.6875723600387573,7.049338129735148e+20,0.014396158234411208,0.020718390888531363,1.8080100565186806e+18,5.087815779098737e+18,1.1086108341637533e+20,0.17837557196617126,627.5441605262448,900.1216143287484
4.45345767501926e+20,4.160600413200378e+21,0.09668931365013123,4.605946180702304e+21,316687.0,8809850.0,0.03469958156347275,9126537.0,118.27410456914872,737.984560959787,207.80488944202054,749.6120812325136,0.04451383304165683,0.2815359617825379,2.249060631097737,7.020619944235005,4.1349122530554175e+19,2.8953830399408633e+20,0.019070364085721922,0.02611552142028741,11.340763604234903,28.572789738836594,0.026033084807111338,0.03451557301188643,8.958763086706671,20.003596006457705,0.1627536565065384,1.1968998513596394,4.007999148792645,0.1511816382408142,5.399928246416447e+18,1.0238328317872328e+20,0.1198040246963501,1.8394677639007568,0.06114722043275833,1.959271788597107,137,0.06480509042739868,0.7424428462982178,0.08027904480695724,0.8072479367256165,0.1627536565065384,"Te,Ti,ne,ua,Sp,Qe,Qi,Sm",2.7554728962299003e+20,2.1407093809394116e+20,0.5627799034118652,4.896182277169312e+20,0.014342902830926003,0.018470501548734888,1.8503034407773988e+18,5.12483325242711e+18,1.4417860790654599e+20,0.16711901128292084,552.3767957138044,798.5945915186038
2.5425353171296846e+20,3.24574650324573e+21,0.07264386862516403,3.5000000349586986e+21,7920.0,9007920.0,0.0008800000068731606,9000000.0,108.16337630527153,811.3605275943148,180.66436901277973,755.8785742025229,0.03387934559197855,0.2742848188167159,2.0125742752590887,6.563604251574737,3.0665874085376786e+19,2.063219541223021e+20,0.016056767281162825,0.02428972268165931,5.323215267609375,12.704818278385835,0.020305048412867052,0.027631193907044677,8.698574682115288,15.534309545948721,0.11061935871839523,1.1925559137232435,3.943293164849777,0.11847279965877533,4.052396060261669e+18,7.2981619665001505e+19,0.05108767747879028,0.24891233444213867,0.17029225826263428,0.30000001192092896,208,0.012858152389526367,1.0128581523895264,0.012858152389526367,1.0,0.11061935871839523,"Te,Ti,ne,ua,Sp,Qe,Qi,Sm",2.248233525730324e+20,4.248233565812079e+20,1.1241167783737183,2.0000000400817547e+20,0.018413192198118385,0.0254729401596097,1.7532943967165747e+18,6.464187386682825e+18,9.581537509798157e+19,0.2761582136154175,643.5793302608961,985.2453294005722
4.717295429689226e+19,4.903656071119677e+21,0.009713398292660713,4.856483116822785e+21,584323.0,13932840.0,0.043774377554655075,13348517.0,86.61795454860015,649.2433772404937,342.66940156187945,976.8724067367452,0.04237771543303725,0.3771015140032698,2.1333016905922495,6.7788393086972585,4.6490229782537716e+19,3.719610240162664e+20,0.03247659306712422,0.04392624154227609,52.81284533878074,125.98037523924916,0.028290249968492807,0.037349387399196826,32.45973092867245,70.82562894063312,0.1546257585287094,1.2852149390579746,4.142534871391518,0.1488036811351776,6.08994168677179e+18,1.316007586594562e+20,0.05883672833442688,0.4252524971961975,0.1215410828590393,0.4840892255306244,275,0.024514704942703247,0.3469799757003784,0.06598938256502151,0.37149468064308167,0.1546257585287094,"Te,Ti,ne,ua,Sp,Qe,Qi,Sm",1.1065836865658552e+18,3.546306398171043e+20,0.0031106772366911173,3.5573722350367015e+20,0.020185876771358892,0.029259417206084163,2.2293037116366e+18,1.3966891233412411e+19,9.655907816593949e+18,0.04882578179240227,759.1051684681228,1140.8964835391419
7.830500151476512e+19,1.252304970858822e+21,0.06669931858778,1.173999969344057e+21,4611132.0,11154868.0,0.292473167181015,15766000.0,59.68256854679443,413.6666555893082,130.16549331908715,303.8117873514985,0.01599682885516297,0.08113544855836712,2.534111051591561,7.301652859278872,2.2299012673386406e+19,1.9019666746844185e+20,0.02507086509487797,0.03467975345626984,8.534232178740606,19.339395721551092,0.0319609166091857,0.045808833161865785,7.936724171483989,13.069368923990126,0.07150965929031372,1.1666621881557753,3.9499617913786276,0.10842729359865189,2.957340491250909e+18,6.726356408168715e+19,0.49855589866638184,0.339444100856781,0.594935417175293,0.8379999995231628,43,0.6479921340942383,1.2270078659057617,0.3455958068370819,1.875,0.07150965929031372,"Te,Ti,ne,ua,Sp,Qe,Qi,Sm",1.4117414400513645e+20,4.3117413574324204e+20,0.4868074059486389,2.899999917381056e+20,0.024018429507412065,0.03202362923834694,1.3597112566208658e+18,4.5082266656431713e+18,4.3895829103980315e+19,0.3573022484779358,541.219109460925,813.06251293291
1.3813968542652118e+20,1.0078603495030108e+21,0.12054073065519333,1.146000034929532e+21,2587999.0,10432001.0,0.19877104461193085,13020000.0,71.36924451088808,501.53626749730796,152.76335252835463,358.7258242711653,0.018573741492077318,0.10274988836940875,1.0375934770325952,4.418302919844609,3.3913741163325706e+19,2.6819761488080454e+20,0.03377898462871835,0.04364021268430039,18.757095976141276,55.86487593939873,0.04453192280564833,0.05499644227945697,45.19265907773414,105.20698263898183,0.08514571934938431,1.0581490356585765,3.5219859158381284,0.13909874856472015,4.612162066971388e+18,9.4899419521497e+19,0.8269331455230713,1.03106689453125,0.44506627321243286,1.8580000400543213,212,0.09889860451221466,0.08710139989852905,0.5317128896713257,0.1860000044107437,0.08514571934938431,"Te,Ti,ne,ua,Sp,Qe,Qi,Sm",9.169126531186819e+19,2.5579126469511086e+20,0.5587523579597473,1.6409999938324267e+20,0.06653391796718279,0.1084018675299553,2.9835553724453985e+18,1.0827648700636334e+19,4.596619190689648e+19,0.37096863985061646,1200.6023180811094,1725.572757467898
9.41764606578047e+19,2.2843267805189547e+21,0.0429999977350235,2.19015031986115e+21,136086.0,9160935.0,0.014637592248618603,9297021.0,167.30286063006147,1462.5363011826469,166.49490583806943,472.7924653525577,0.025517788387160314,0.14460839254905958,1.7382735991340095,6.091870223714699,3.441745373958528e+19,2.3917506775237827e+20,0.013184292348949618,0.020804004530009593,4.070071006144754,10.247674197154447,0.01804298025245456,0.026254978967267948,5.647910863301392,12.46390506268358,0.11202624440193176,1.0757900787996868,3.726113112478225,0.12521150708198547,4.5409956700721285e+18,8.459566813857473e+19,0.03959465026855469,1.548154354095459,0.026246657595038414,1.5085597038269043,240,0.0723801851272583,1.1579607725143433,0.05882937088608742,1.2303409576416016,0.11202624440193176,"Te,Ti,ne,ua,Sp,Qe,Qi,Sm",1.2145778945678744e+20,3.595964213562337e+20,0.5100297331809998,2.3813863189944625e+20,0.014997786549807842,0.02038081915162546,1.910511620991743e+18,6.833996498403969e+18,4.3126848263699825e+19,0.13054867088794708,487.0778789745741,754.0214182071769
5.429272309529995e+20,2.7944165777389356e+21,0.162682443857193,3.337343808691935e+21,540572.0,1804459.0,0.23051805794239044,2345031.0,69.13924873880029,230.86876089224955,68.99247678445369,184.17289001253897,0.021043281094579883,0.0742557180652813,3.7134411311671474,9.014425614067399,2.463091066635065e+19,1.1423017792665921e+20,0.03803517634170851,0.0521700965431773,4.8650998039213915,11.208617639737538,0.04162586247768197,0.05626925875443122,4.440451829758947,8.963751787856934,0.12719115614891052,1.2409217837866078,4.297387200327016,0.1467387080192566,3.45863378116131e+18,4.045496253227524e+19,0.2796294689178467,1.6333436965942383,0.1461753249168396,1.912973165512085,141,0.038365185260772705,0.6261937618255615,0.06526593863964081,0.5878285765647888,0.12719115614891052,"Te,Ti,ne,ua,Sp,Qe,Qi,Sm",1.4646328751594825e+20,5.425485415562074e+20,0.3697771728038788,3.9608525404025913e+20,0.029045440647528894,0.0374663224991266,3.038159582939831e+18,6.655704226160501e+18,1.3787809841613373e+20,0.194883793592453,832.904089269926,1316.9202830398442
1.6928651008067135e+20,1.9017074301020217e+21,0.09771673381328583,1.7324209200213504e+21,862282.0,6135607.0,0.1232203021645546,6997889.0,161.82753531134722,1445.8059952178241,152.8572671837483,494.227076841386,0.028114546880276335,0.1974680822710672,4.2620279631275,9.988880713860361,4.331727952625956e+19,3.7529850156762576e+20,0.04860843787167718,0.06736147682518949,15.33925802382991,45.11619402358793,0.07845328943194745,0.09513863002852757,30.411311913711877,54.08307420249098,0.12986023724079132,1.5208926558402505,4.797088422495814,0.16313789784908295,5.874860912105759e+18,1.3277981167499816e+20,0.21139468252658844,-0.0655699372291565,1.4496488571166992,0.14582474529743195,317,0.10749790072441101,0.21818429231643677,0.3300699293613434,0.3256821930408478,0.12986023724079132,"Te,Ti,ne,ua,Sp,Qe,Qi,Sm",2.027373481566866e+20,5.159682613710946e+20,0.2820867896080017,7.187056095277812e+20,0.046826103806217656,0.06931019742389527,3.681607770586502e+18,1.3959291840156447e+19,7.440476988825299e+19,0.4565485417842865,1036.7484438264182,1493.28278736451
5.98291951497102e+19,2.8971738030617647e+21,0.021086333319544792,2.8373446079120545e+21,421841.0,12511524.0,0.034892644733190536,12089683.0,101.82246446714075,756.0757548823211,182.22378425959343,798.1876867755824,0.03551129336647887,0.2972442979338185,2.25664294144436,6.800985549103773,4.4510749463918715e+19,4.003576675627129e+20,0.01877607409158205,0.025420839879028195,3.967375938721028,7.944909366729339,0.020081826259547,0.025931928671022918,8.895142511329768,15.168980229567097,0.10027589648962021,1.2478508851939734,4.025578245458648,0.11708203703165054,5.751171473694757e+18,1.4156874679703588e+20,0.035216838121414185,0.26443177461624146,0.11752711981534958,0.29964861273765564,287,0.10591590404510498,1.8971173763275146,0.0591312050819397,1.7912014722824097,0.10027589648962021,"Te,Ti,ne,ua,Sp,Qe,Qi,Sm",2.455987039446971e+19,1.1866606786121302e+20,0.17147640883922577,1.4322593825568273e+20,0.025854916092150047,0.038200868465374654,1.4986223256393413e+18,6.886115102894328e+18,1.6877813548640633e+19,0.08082274347543716,692.6340996183025,1021.0808684052356
4.905825258027698e+20,8.424175209668118e+20,0.3680288791656494,1.3330000467695816e+21,4321647.0,6691647.0,1.8234797716140747,2370000.0,84.5300109732994,736.9055196881686,169.00025071134124,411.9328584165106,0.016821150074790653,0.0899402896030167,2.3539363337820416,6.991722709120334,3.213227642566859e+19,3.0811772106110665e+20,0.06827075443660073,0.09437417594588622,51.58484345376574,113.74208202167783,0.10398233352324805,0.11599772542971262,74.94169359786858,125.63567488001402,0.07699017971754074,1.19767908163038,3.952360117035527,0.14573219418525696,4.388426117181482e+18,1.089967643435043e+20,0.3166596293449402,0.5773403644561768,0.3542053997516632,0.8939999938011169,57,0.46156203746795654,1.2964379787445068,0.2625495195388794,1.7580000162124634,0.07699017971754074,"Te,Ti,ne,ua,Sp,Qe,Qi,Sm",1.518261950628443e+19,4.276826145790068e+20,0.03680635243654251,4.124999950727224e+20,0.06453155372615056,0.09187012799487917,2.9751325117832653e+18,1.0287228340878567e+19,1.0115302906181085e+20,0.5690139532089233,943.4905253733147,1430.2370112629617
1.891691987480703e+20,4.6570637253228196e+21,0.03903427720069885,4.84623292407089e+21,172284.0,14933914.0,0.01140485517680645,15106198.0,231.32621656186595,2593.133483614474,323.0816187901707,855.900555048512,0.04001782412609523,0.24766460645465266,1.5411033871121076,5.66702633325952,5.552874062397805e+19,4.341201714722984e+20,0.026349963798978013,0.03562264919856426,25.36184111584986,57.62112755086347,0.022934885648875542,0.031391074951382894,14.379269694694354,30.11047217596249,0.14643843472003937,1.0437565443308217,3.635704352195813,0.1531388908624649,7.138277963277405e+18,1.5349742918667292e+20,0.07899534702301025,1.180769681930542,0.06270641088485718,1.2597650289535522,237,0.06326794624328613,0.5246947407722473,0.10760537534952164,0.5879626870155334,0.14643843472003937,"Te,Ti,ne,ua,Sp,Qe,Qi,Sm",4.122720355259588e+20,1.0038406053606059e+21,0.6969133615493774,5.91568569834647e+20,0.012722170302210635,0.018313681760609206,1.5774830822411812e+18,5.600255012369017e+18,1.2028824333636862e+20,0.18353286385536194,715.4211207151214,1051.0122620206444
3.225668048732029e+20,9.424332503852232e+20,0.2549934983253479,1.265000055258426e+21,365528.0,10923528.0,0.03462095186114311,10558000.0,140.9609575919755,1319.7150802445326,143.75355329355224,328.3280467794233,0.01807238714115513,0.09870470282572202,2.5370120645512273,7.3302691761451895,2.819964362423728e+19,2.3972759416976245e+20,0.035974439441182435,0.051639640490332685,9.291954533086857,21.303307882367434,0.050697818193545505,0.06715261179648309,11.456345374648242,16.788170812798768,0.08215971291065216,1.1414020337642743,3.9214076561339817,0.13500510156154633,4.0361620834530903e+18,8.487680372419882e+19,0.6722608208656311,0.7087392210960388,0.48679277300834656,1.38100004196167,110,0.5991065502166748,1.2068934440612793,0.3317312002182007,1.805999994277954,0.08215971291065216,"Te,Ti,ne,ua,Sp,Qe,Qi,Sm",4.095545353633058e+19,3.405445412669683e+20,0.10735374689102173,3.814999948032989e+20,0.08005631508357694,0.11328548056530581,4.089653043387442e+18,1.2777131018622677e+19,7.270444992268809e+19,0.2430984228849411,653.9744523825804,923.2436011650536
